{"cameraMode":{"drawMode":0,"name":"Shaded","section":"Shading Mode"},"sceneLighting":false,"audioPlay":false,"sceneViewState":{"m_AlwaysRefresh":false,"showFog":false,"showSkybox":false,"showFlares":false,"showImageEffects":false,"showParticleSystems":false,"showVisualEffectGraphs":true,"m_FxEnabled":true},"in2DMode":false,"pivot":{"x":-0.02540331706404686,"y":0.0362580269575119,"z":-0.00805710256099701},"rotation":{"x":-0.0047221193090081219,"y":0.9931448698043823,"z":-0.04354339465498924,"w":-0.10857509076595307},"size":0.0515875518321991,"orthographic":false}