{"cameraMode":{"drawMode":0,"name":"Shaded","section":"Shading Mode"},"sceneLighting":false,"audioPlay":false,"sceneViewState":{"m_AlwaysRefresh":false,"showFog":true,"showSkybox":false,"showFlares":true,"showImageEffects":true,"showParticleSystems":true,"showVisualEffectGraphs":true,"m_FxEnabled":true},"in2DMode":false,"pivot":{"x":-1.2071056365966797,"y":-0.01022470835596323,"z":-0.20710813999176026},"rotation":{"x":-0.1391194760799408,"y":-0.5388450026512146,"z":0.09062328189611435,"w":-0.8258466124534607},"size":0.8660253882408142,"orthographic":false}