{"cameraMode":{"drawMode":0,"name":"Shaded","section":"Shading Mode"},"sceneLighting":false,"audioPlay":false,"sceneViewState":{"m_AlwaysRefresh":false,"showFog":true,"showSkybox":false,"showFlares":true,"showImageEffects":true,"showParticleSystems":true,"showVisualEffectGraphs":true,"m_FxEnabled":true},"in2DMode":false,"pivot":{"x":0.8362083435058594,"y":0.5453696250915527,"z":1.7610020637512208},"rotation":{"x":0.004133012145757675,"y":-0.9914981722831726,"z":0.12590841948986054,"w":0.033035483211278918},"size":0.6571244597434998,"orthographic":false}